[
    {
        "_id": "1",
        "name": "Breakfast",
        "content": "Start your day with exclusive breakfast options",
        "image": "./Images/assets/breakfast.png"
    },
    {
        "_id": "2",
        "name": "Lunch",
        "content": "Start your day with exclusive breakfast options",
        "image": "./Images/assets/lunch.png"
    },
    {
        "_id": "3",
        "name": "Dinner",
        "content": "Start your day with exclusive breakfast options",
        "image": "./Images/assets/dinner.png"
    },
    {
        "_id": "4",
        "name": "Snacks",
        "content": "Start your day with exclusive breakfast options",
        "image": "./Images/assets/snacks.png"
    },
    {
        "_id": "5",
        "name": "Drinks",
        "content": "Start your day with exclusive breakfast options",
        "image": "./Images/assets/drinks.png"
    },
    {
        "_id": "6",
        "name": "NightLife",
        "content": "Start your day with exclusive breakfast options",
        "image": "./Images/assets/nightlife.png"
    }
]